{
  "best_model": "Random_Forest",
  "test_metrics": {
    "accuracy": 0.9523428113736484,
    "precision": 0.9077809798270894,
    "recall": 0.7835820895522388,
    "f1": 0.8411214953271028,
    "auc": 0.9872421900046308
  },
  "all_model_results": {
    "Logistic_Regression": {
      "accuracy": 0.9090909090909091,
      "precision": 0.7628205128205128,
      "recall": 0.6086956521739131,
      "f1": 0.6770981507823614,
      "auc": 0.9328431979753378,
      "best_params": {
        "C": 1,
        "penalty": "l1",
        "solver": "liblinear"
      }
    },
    "Decision_Tree": {
      "accuracy": 0.9311173408089708,
      "precision": 0.7829457364341085,
      "recall": 0.7749360613810742,
      "f1": 0.7789203084832905,
      "auc": 0.9402146588847355,
      "best_params": {
        "max_depth": 5,
        "min_samples_split": 5
      }
    },
    "Random_Forest": {
      "accuracy": 0.9535442531037245,
      "precision": 0.9256965944272446,
      "recall": 0.7647058823529411,
      "f1": 0.8375350140056023,
      "auc": 0.986270502255157,
      "best_params": {
        "max_depth": null,
        "min_samples_split": 2
      }
    },
    "AdaBoost": {
      "accuracy": 0.9567480977172607,
      "precision": 0.885558583106267,
      "recall": 0.8312020460358056,
      "f1": 0.8575197889182058,
      "auc": 0.985883713078939,
      "best_params": {
        "learning_rate": 1.5,
        "n_estimators": 200
      }
    },
    "Neural_Network_1Layer": {
      "accuracy": 0.9279134961954345,
      "precision": 0.7813333333333333,
      "recall": 0.7493606138107417,
      "f1": 0.7650130548302873,
      "auc": 0.9646594919399692,
      "best_params": {
        "alpha": 0.1,
        "learning_rate_init": 0.001
      }
    },
    "Neural_Network_2Layer": {
      "accuracy": 0.9323187825390469,
      "precision": 0.7488789237668162,
      "recall": 0.8542199488491049,
      "f1": 0.7980884109916367,
      "auc": 0.9677865943850599,
      "best_params": {
        "alpha": 0.01,
        "learning_rate_init": 0.01
      }
    },
    "Neural_Network_3Layer": {
      "accuracy": 0.9279134961954345,
      "precision": 0.7592137592137592,
      "recall": 0.7902813299232737,
      "f1": 0.7744360902255639,
      "auc": 0.9619319299626206,
      "best_params": {
        "alpha": 0.01,
        "learning_rate_init": 0.01
      }
    }
  },
  "model_parameters": {
    "Logistic_Regression": {
      "C": 1,
      "class_weight": null,
      "dual": false,
      "fit_intercept": true,
      "intercept_scaling": 1,
      "l1_ratio": null,
      "max_iter": 1000,
      "multi_class": "deprecated",
      "n_jobs": null,
      "penalty": "l1",
      "random_state": 42,
      "solver": "liblinear",
      "tol": 0.0001,
      "verbose": 0,
      "warm_start": false
    },
    "Decision_Tree": {
      "ccp_alpha": 0.0,
      "class_weight": null,
      "criterion": "gini",
      "max_depth": 5,
      "max_features": null,
      "max_leaf_nodes": null,
      "min_impurity_decrease": 0.0,
      "min_samples_leaf": 1,
      "min_samples_split": 5,
      "min_weight_fraction_leaf": 0.0,
      "monotonic_cst": null,
      "random_state": 42,
      "splitter": "best"
    },
    "Random_Forest": {
      "bootstrap": true,
      "ccp_alpha": 0.0,
      "class_weight": null,
      "criterion": "gini",
      "max_depth": null,
      "max_features": "sqrt",
      "max_leaf_nodes": null,
      "max_samples": null,
      "min_impurity_decrease": 0.0,
      "min_samples_leaf": 1,
      "min_samples_split": 2,
      "min_weight_fraction_leaf": 0.0,
      "monotonic_cst": null,
      "n_estimators": 100,
      "n_jobs": null,
      "oob_score": false,
      "random_state": 42,
      "verbose": 0,
      "warm_start": false
    },
    "AdaBoost": {
      "algorithm": "deprecated",
      "estimator": null,
      "learning_rate": 1.5,
      "n_estimators": 200,
      "random_state": 42
    },
    "Neural_Network_1Layer": {
      "activation": "relu",
      "alpha": 0.1,
      "batch_size": "auto",
      "beta_1": 0.9,
      "beta_2": 0.999,
      "early_stopping": false,
      "epsilon": 1e-08,
      "hidden_layer_sizes": [
        100
      ],
      "learning_rate": "constant",
      "learning_rate_init": 0.001,
      "max_fun": 15000,
      "max_iter": 500,
      "momentum": 0.9,
      "n_iter_no_change": 10,
      "nesterovs_momentum": true,
      "power_t": 0.5,
      "random_state": 42,
      "shuffle": true,
      "solver": "adam",
      "tol": 0.0001,
      "validation_fraction": 0.1,
      "verbose": false,
      "warm_start": false
    },
    "Neural_Network_2Layer": {
      "activation": "relu",
      "alpha": 0.01,
      "batch_size": "auto",
      "beta_1": 0.9,
      "beta_2": 0.999,
      "early_stopping": false,
      "epsilon": 1e-08,
      "hidden_layer_sizes": [
        100,
        50
      ],
      "learning_rate": "constant",
      "learning_rate_init": 0.01,
      "max_fun": 15000,
      "max_iter": 500,
      "momentum": 0.9,
      "n_iter_no_change": 10,
      "nesterovs_momentum": true,
      "power_t": 0.5,
      "random_state": 42,
      "shuffle": true,
      "solver": "adam",
      "tol": 0.0001,
      "validation_fraction": 0.1,
      "verbose": false,
      "warm_start": false
    },
    "Neural_Network_3Layer": {
      "activation": "relu",
      "alpha": 0.01,
      "batch_size": "auto",
      "beta_1": 0.9,
      "beta_2": 0.999,
      "early_stopping": false,
      "epsilon": 1e-08,
      "hidden_layer_sizes": [
        100,
        50,
        25
      ],
      "learning_rate": "constant",
      "learning_rate_init": 0.01,
      "max_fun": 15000,
      "max_iter": 500,
      "momentum": 0.9,
      "n_iter_no_change": 10,
      "nesterovs_momentum": true,
      "power_t": 0.5,
      "random_state": 42,
      "shuffle": true,
      "solver": "adam",
      "tol": 0.0001,
      "validation_fraction": 0.1,
      "verbose": false,
      "warm_start": false
    }
  }
}