{
  "best_model": "AdaBoost",
  "test_metrics": {
    "accuracy": 0.9583500200240288,
    "precision": 0.884020618556701,
    "recall": 0.8532338308457711,
    "f1": 0.8683544303797468,
    "auc": 0.9849974471318823
  },
  "all_model_results": {
    "Logistic_Regression": {
      "accuracy": 0.9086904285142171,
      "precision": 0.7570977917981072,
      "recall": 0.6138107416879796,
      "f1": 0.6779661016949152,
      "auc": 0.9328699149671018,
      "best_params": {
        "C": 1,
        "penalty": "l1",
        "solver": "liblinear"
      }
    },
    "Decision_Tree": {
      "accuracy": 0.9311173408089708,
      "precision": 0.7829457364341085,
      "recall": 0.7749360613810742,
      "f1": 0.7789203084832905,
      "auc": 0.9402146588847355,
      "best_params": {
        "max_depth": 5,
        "min_samples_split": 5
      }
    },
    "Random_Forest": {
      "accuracy": 0.9507408890668803,
      "precision": 0.9161490683229814,
      "recall": 0.7544757033248082,
      "f1": 0.8274894810659187,
      "auc": 0.9842770503469567,
      "best_params": {
        "max_depth": 15,
        "min_samples_split": 5
      }
    },
    "AdaBoost": {
      "accuracy": 0.959951942330797,
      "precision": 0.8921832884097035,
      "recall": 0.8465473145780051,
      "f1": 0.868766404199475,
      "auc": 0.9850603439691249,
      "best_params": {
        "learning_rate": 1.5,
        "n_estimators": 200
      }
    },
    "Neural_Network_1Layer": {
      "accuracy": 0.9331197436924309,
      "precision": 0.7947368421052632,
      "recall": 0.7723785166240409,
      "f1": 0.7833981841763943,
      "auc": 0.9621055904090857,
      "best_params": {
        "alpha": 0.1,
        "learning_rate_init": 0.001
      }
    },
    "Neural_Network_2Layer": {
      "accuracy": 0.920704845814978,
      "precision": 0.7292161520190024,
      "recall": 0.7851662404092071,
      "f1": 0.7561576354679803,
      "auc": 0.9598905089101168,
      "best_params": {
        "alpha": 0.01,
        "learning_rate_init": 0.01
      }
    },
    "Neural_Network_3Layer": {
      "accuracy": 0.9239086904285142,
      "precision": 0.773841961852861,
      "recall": 0.7263427109974424,
      "f1": 0.7493403693931399,
      "auc": 0.9646388469917881,
      "best_params": {
        "alpha": 0.1,
        "learning_rate_init": 0.01
      }
    }
  },
  "model_parameters": {
    "Logistic_Regression": {
      "C": 1,
      "class_weight": null,
      "dual": false,
      "fit_intercept": true,
      "intercept_scaling": 1,
      "l1_ratio": null,
      "max_iter": 1000,
      "multi_class": "deprecated",
      "n_jobs": null,
      "penalty": "l1",
      "random_state": 42,
      "solver": "liblinear",
      "tol": 0.0001,
      "verbose": 0,
      "warm_start": false
    },
    "Decision_Tree": {
      "ccp_alpha": 0.0,
      "class_weight": null,
      "criterion": "gini",
      "max_depth": 5,
      "max_features": null,
      "max_leaf_nodes": null,
      "min_impurity_decrease": 0.0,
      "min_samples_leaf": 1,
      "min_samples_split": 5,
      "min_weight_fraction_leaf": 0.0,
      "monotonic_cst": null,
      "random_state": 42,
      "splitter": "best"
    },
    "Random_Forest": {
      "bootstrap": true,
      "ccp_alpha": 0.0,
      "class_weight": null,
      "criterion": "gini",
      "max_depth": 15,
      "max_features": "sqrt",
      "max_leaf_nodes": null,
      "max_samples": null,
      "min_impurity_decrease": 0.0,
      "min_samples_leaf": 1,
      "min_samples_split": 5,
      "min_weight_fraction_leaf": 0.0,
      "monotonic_cst": null,
      "n_estimators": 100,
      "n_jobs": null,
      "oob_score": false,
      "random_state": 42,
      "verbose": 0,
      "warm_start": false
    },
    "AdaBoost": {
      "algorithm": "deprecated",
      "estimator": null,
      "learning_rate": 1.5,
      "n_estimators": 200,
      "random_state": 42
    },
    "Neural_Network_1Layer": {
      "activation": "relu",
      "alpha": 0.1,
      "batch_size": "auto",
      "beta_1": 0.9,
      "beta_2": 0.999,
      "early_stopping": false,
      "epsilon": 1e-08,
      "hidden_layer_sizes": [
        100
      ],
      "learning_rate": "constant",
      "learning_rate_init": 0.001,
      "max_fun": 15000,
      "max_iter": 500,
      "momentum": 0.9,
      "n_iter_no_change": 10,
      "nesterovs_momentum": true,
      "power_t": 0.5,
      "random_state": 42,
      "shuffle": true,
      "solver": "adam",
      "tol": 0.0001,
      "validation_fraction": 0.1,
      "verbose": false,
      "warm_start": false
    },
    "Neural_Network_2Layer": {
      "activation": "relu",
      "alpha": 0.01,
      "batch_size": "auto",
      "beta_1": 0.9,
      "beta_2": 0.999,
      "early_stopping": false,
      "epsilon": 1e-08,
      "hidden_layer_sizes": [
        100,
        50
      ],
      "learning_rate": "constant",
      "learning_rate_init": 0.01,
      "max_fun": 15000,
      "max_iter": 500,
      "momentum": 0.9,
      "n_iter_no_change": 10,
      "nesterovs_momentum": true,
      "power_t": 0.5,
      "random_state": 42,
      "shuffle": true,
      "solver": "adam",
      "tol": 0.0001,
      "validation_fraction": 0.1,
      "verbose": false,
      "warm_start": false
    },
    "Neural_Network_3Layer": {
      "activation": "relu",
      "alpha": 0.1,
      "batch_size": "auto",
      "beta_1": 0.9,
      "beta_2": 0.999,
      "early_stopping": false,
      "epsilon": 1e-08,
      "hidden_layer_sizes": [
        100,
        50,
        25
      ],
      "learning_rate": "constant",
      "learning_rate_init": 0.01,
      "max_fun": 15000,
      "max_iter": 500,
      "momentum": 0.9,
      "n_iter_no_change": 10,
      "nesterovs_momentum": true,
      "power_t": 0.5,
      "random_state": 42,
      "shuffle": true,
      "solver": "adam",
      "tol": 0.0001,
      "validation_fraction": 0.1,
      "verbose": false,
      "warm_start": false
    }
  }
}